ID,type,capacity,speed,consumption,maxBattery,depot
1,1,15,25.0,0.552,69.0,1
2,1,15,25.0,0.552,69.0,2
3,2,22,25.0,0.8280000000000001,103.5,2
4,2,22,25.0,0.8280000000000001,103.5,2
